[{"id":"f7274bb6898b1727","type":"tab","label":"Flow 1","disabled":false,"info":""},{"id":"76cb413c.27167","type":"cloudant","host":"https://76839436-580d-4faf-8add-0f8ccf639a43-bluemix.cloudantnosqldb.appdomain.cloud","name":"nodered-fiap-1tds-cloudant-1617496646088"},{"id":"e9ec778172aaa4d5","type":"telegram bot","botname":"@Vendas_prof_Miguel123_bot","usernames":"","chatids":"","baseapiurl":"","updatemode":"polling","pollinterval":"300","usesocks":false,"sockshost":"","socksport":"6667","socksusername":"anonymous","sockspassword":"","bothost":"","botpath":"","localbotport":"8443","publicbotport":"8443","privatekey":"","certificate":"","useselfsignedcertificate":false,"sslterminated":false,"verboselogging":false},{"id":"12d69f86286ab970","type":"telegram bot","botname":"@BtelBot","usernames":"","chatids":"","baseapiurl":"","updatemode":"polling","pollinterval":"300","usesocks":false,"sockshost":"","socksport":"6667","socksusername":"anonymous","sockspassword":"","bothost":"","botpath":"","localbotport":"8443","publicbotport":"8443","privatekey":"","certificate":"","useselfsignedcertificate":false,"sslterminated":false,"verboselogging":false},{"id":"27587226.6fe23e","type":"telegram bot","botname":"vendas_TDSA_manha_bot","usernames":"","chatids":"","baseapiurl":"","updatemode":"polling","pollinterval":"300","usesocks":false,"sockshost":"","socksport":"6667","socksusername":"anonymous","sockspassword":"","bothost":"","botpath":"","localbotport":"8443","publicbotport":"8443","privatekey":"","certificate":"","useselfsignedcertificate":false,"sslterminated":false,"verboselogging":false},{"id":"8f1f570d.8afb1","type":"telegram bot","botname":"vendas_TDSA_manha_bot","usernames":"","chatids":"","baseapiurl":"","updatemode":"polling","pollinterval":"300","usesocks":false,"sockshost":"","socksport":"6667","socksusername":"anonymous","sockspassword":"","bothost":"","botpath":"","localbotport":"8443","publicbotport":"8443","privatekey":"","certificate":"","useselfsignedcertificate":false,"sslterminated":false,"verboselogging":false},{"id":"2cc72a9272b8ee76","type":"telegram bot","botname":"vendas_TDSA_manha_bot","usernames":"","chatids":"","baseapiurl":"","updatemode":"polling","pollinterval":"300","usesocks":false,"sockshost":"","socksport":"6667","socksusername":"anonymous","sockspassword":"","bothost":"","botpath":"","localbotport":"8443","publicbotport":"8443","privatekey":"","certificate":"","useselfsignedcertificate":false,"sslterminated":false,"verboselogging":false},{"id":"82949900.054e4","type":"telegram bot","botname":"vendas_TDSA_manha_bot","usernames":"","chatids":"","baseapiurl":"","updatemode":"polling","pollinterval":"300","usesocks":false,"sockshost":"","socksport":"6667","socksusername":"anonymous","sockspassword":"","bothost":"","botpath":"","localbotport":"8443","publicbotport":"8443","privatekey":"","certificate":"","useselfsignedcertificate":false,"sslterminated":false,"verboselogging":false},{"id":"f145986d.0d25b","type":"telegram bot","botname":"vendas_TDSA_manha_bot","usernames":"","chatids":"","baseapiurl":"","updatemode":"polling","pollinterval":"300","usesocks":false,"sockshost":"","socksport":"6667","socksusername":"anonymous","sockspassword":"","bothost":"","botpath":"","localbotport":"8443","publicbotport":"8443","privatekey":"","certificate":"","useselfsignedcertificate":false,"sslterminated":false,"verboselogging":false},{"id":"44bb397e.75e178","type":"telegram bot","botname":"vendas_TDSA_manha_bot","usernames":"","chatids":"","baseapiurl":"","updatemode":"polling","pollinterval":"100","usesocks":false,"sockshost":"","socksport":"6667","socksusername":"anonymous","sockspassword":"","bothost":"","botpath":"","localbotport":"8443","publicbotport":"8443","privatekey":"","certificate":"","useselfsignedcertificate":false,"sslterminated":false,"verboselogging":false},{"id":"bc8ac17a.5c5be","type":"telegram bot","botname":"vendas_TDSA_manha_bot","usernames":"","chatids":"","baseapiurl":"","updatemode":"polling","pollinterval":"300","usesocks":false,"sockshost":"","socksport":"6667","socksusername":"anonymous","sockspassword":"","bothost":"","botpath":"","localbotport":"8443","publicbotport":"8443","privatekey":"","certificate":"","useselfsignedcertificate":false,"sslterminated":false,"verboselogging":false},{"id":"53e910c5.336108","type":"telegram bot","botname":"vendas_TDSA_manha_bot","usernames":"","chatids":"","baseapiurl":"","updatemode":"polling","pollinterval":"300","usesocks":false,"sockshost":"","socksport":"6667","socksusername":"anonymous","sockspassword":"","bothost":"","botpath":"","localbotport":"8443","publicbotport":"8443","privatekey":"","certificate":"","useselfsignedcertificate":false,"sslterminated":false,"verboselogging":false},{"id":"a6cfbd9.b67144","type":"telegram bot","botname":"vendas_TDSA_manha_bot","usernames":"","chatids":"","baseapiurl":"","updatemode":"polling","pollinterval":"300","usesocks":false,"sockshost":"","socksport":"6667","socksusername":"anonymous","sockspassword":"","bothost":"","botpath":"","localbotport":"8443","publicbotport":"8443","privatekey":"","certificate":"","useselfsignedcertificate":false,"sslterminated":false,"verboselogging":false},{"id":"1d252bd1.3455ac","type":"telegram bot","botname":"vendas_TDSA_manha_bot","usernames":"","chatids":"","baseapiurl":"","updatemode":"polling","pollinterval":"300","usesocks":false,"sockshost":"","socksport":"6667","socksusername":"anonymous","sockspassword":"","bothost":"","botpath":"","localbotport":"8443","publicbotport":"8443","privatekey":"","certificate":"","useselfsignedcertificate":false,"sslterminated":false,"verboselogging":false},{"id":"df09bc5f.e3b3d","type":"telegram bot","botname":"@RHMChatbot","usernames":"","chatids":"","baseapiurl":"","updatemode":"polling","pollinterval":"300","usesocks":false,"sockshost":"","socksport":"6667","socksusername":"anonymous","sockspassword":"","bothost":"","botpath":"","localbotport":"8443","publicbotport":"8443","privatekey":"","certificate":"","useselfsignedcertificate":false,"sslterminated":false,"verboselogging":false},{"id":"bc532ff6.677f","type":"telegram bot","botname":"@Bozer_1tdss_2022_bot","usernames":"","chatids":"","baseapiurl":"","updatemode":"polling","pollinterval":"300","usesocks":false,"sockshost":"","socksport":"6667","socksusername":"anonymous","sockspassword":"","bothost":"","botpath":"","localbotport":"8443","publicbotport":"8443","privatekey":"","certificate":"","useselfsignedcertificate":false,"sslterminated":false,"verboselogging":false},{"id":"71ebed64c78c5408","type":"telegram receiver","z":"f7274bb6898b1727","name":"RHMChatbot","bot":"df09bc5f.e3b3d","saveDataDir":"","filterCommands":false,"x":330,"y":200,"wires":[["b124b5bfc517da17"],[]]},{"id":"57b6cb646f0e7e70","type":"function","z":"f7274bb6898b1727","name":"Prepara_Audio","func":"msg.chatId = msg.payload.chatId;\n\nmsg.payload = msg.payload.weblink;\nmsg.payloadtype = \"voice\";\n\nreturn msg;","outputs":1,"noerr":0,"initialize":"","finalize":"","libs":[],"x":880,"y":180,"wires":[["31884e4e32c3ccf3"]]},{"id":"31884e4e32c3ccf3","type":"watson-speech-to-text","z":"f7274bb6898b1727","name":"STT","alternatives":1,"speakerlabels":false,"smartformatting":false,"lang":"pt-BR","langhidden":"pt-BR","langcustom":"NoCustomisationSetting","langcustomhidden":"","custom-weight":"0.5","band":"BroadbandModel","bandhidden":"","keywords":"","keywords-threshold":"0.5","word-confidence":false,"password":"","apikey":"Xr9nQpuFWmT1MbDYUa1j3eV4zClcfrDyfdHrGNVNWm_S","payload-response":true,"streaming-mode":false,"streaming-mute":true,"auto-connect":false,"discard-listening":false,"disable-precheck":false,"service-endpoint":"https://api.us-south.speech-to-text.watson.cloud.ibm.com/instances/d86d5234-4c3e-484c-bffa-3887f33c4033","x":1030,"y":100,"wires":[["1953a686c6314943"]]},{"id":"1953a686c6314943","type":"function","z":"f7274bb6898b1727","name":"Encaminha_Watson","func":"msg.params = {\n    \"session_id\" : msg.chatId\n}\n\nreturn msg;","outputs":1,"noerr":0,"initialize":"","finalize":"","libs":[],"x":1200,"y":180,"wires":[["ea103f6c724ea286"]]},{"id":"43e4ada1fb6b7e49","type":"function","z":"f7274bb6898b1727","name":"Prepara_Telegram_Texto","func":"msg.payload = {\n    chatId : msg.chatId,\n    type : \"message\",\n    content : msg.payload.output.generic[0].text\n}\nreturn msg;","outputs":1,"noerr":0,"initialize":"","finalize":"","libs":[],"x":1810,"y":480,"wires":[["4b8a97b2c4e2ff0d"]]},{"id":"4b8a97b2c4e2ff0d","type":"telegram sender","z":"f7274bb6898b1727","name":"RHMChatbot","bot":"df09bc5f.e3b3d","haserroroutput":false,"outputs":1,"x":2210,"y":480,"wires":[[]]},{"id":"ea103f6c724ea286","type":"watson-assistant-v2","z":"f7274bb6898b1727","name":"RHMChat","service-endpoint":"https://api.us-south.assistant.watson.cloud.ibm.com/instances/470d6806-940f-48a4-8adc-cebf948cf11e","assistant_id":"fecf2184-6f7a-4cef-8abd-faefba88e61a","debug":false,"restart":false,"return_context":true,"alternate_intents":false,"multisession":true,"timeout":"","optout-learning":false,"persist-session-id":false,"x":1320,"y":320,"wires":[["86705fca38328a90","43e4ada1fb6b7e49"]]},{"id":"c77e056310fa2e6f","type":"watson-text-to-speech","z":"f7274bb6898b1727","name":"TTS","lang":"en-US","langhidden":"en-US","langcustom":"NoCustomisationSetting","langcustomhidden":"","voice":"en-US_MichaelV3Voice","voicehidden":"pt-BR_IsabelaV3Voice","format":"audio/wav","password":"","apikey":"qHXUHQMf88kK-ynfL0nqJHuF5a2C6HKmt3JGvUZFVNwi","payload-response":true,"service-endpoint":"https://api.us-south.text-to-speech.watson.cloud.ibm.com/instances/bacc33db-6763-4f81-981a-8e11f9cbe577","x":1930,"y":180,"wires":[["fa521d101de22b21"]]},{"id":"fa521d101de22b21","type":"function","z":"f7274bb6898b1727","name":"Prepara_Telegram_TTS","func":"msg.payload = {\n    \"chatId\" : msg.chatId,\n    \"type\" : \"voice\",\n    content : msg.payload\n}\nreturn msg;","outputs":1,"noerr":0,"initialize":"","finalize":"","libs":[],"x":2110,"y":280,"wires":[["4b8a97b2c4e2ff0d"]]},{"id":"86705fca38328a90","type":"function","z":"f7274bb6898b1727","name":"Prepara_TTS","func":"msg.payload = msg.payload.output.generic[0].text;\nreturn msg;","outputs":1,"noerr":0,"initialize":"","finalize":"","libs":[],"x":1560,"y":280,"wires":[["987e4c8f9a1114ad"]]},{"id":"b124b5bfc517da17","type":"switch","z":"f7274bb6898b1727","name":"Audio/Outros","property":"payload.type","propertyType":"msg","rules":[{"t":"eq","v":"voice","vt":"str"},{"t":"neq","v":"voice","vt":"str"}],"checkall":"true","repair":false,"outputs":2,"x":550,"y":300,"wires":[["57b6cb646f0e7e70"],["97a92a68d8f58759"]]},{"id":"97a92a68d8f58759","type":"function","z":"f7274bb6898b1727","name":"Prepara_Outros","func":"msg.params = {\n    \"session_id\" : msg.payload.chatId\n}\nmsg.chatId = msg.payload.chatId;\n\nmsg.payload = {\n    error : \"Desculpe, meus criadores ainda não me ensinaram a ver imagens. Por favor, tente novamente.\",\n\n}\nreturn msg;","outputs":1,"noerr":0,"initialize":"","finalize":"","libs":[],"x":860,"y":440,"wires":[["c57abefeca345ba2"]]},{"id":"75e697d98bfe1524","type":"function","z":"f7274bb6898b1727","name":"Prepara_Telegram_TTS","func":"msg.payload = {\n    \"chatId\" : msg.chatId,\n    \"type\" : \"voice\",\n    content : msg.payload\n}\nreturn msg;","outputs":1,"noerr":0,"initialize":"","finalize":"","libs":[],"x":1750,"y":680,"wires":[["4b8a97b2c4e2ff0d"]]},{"id":"3230bdb6afdfb242","type":"watson-text-to-speech","z":"f7274bb6898b1727","name":"TTS","lang":"pt-BR","langhidden":"pt-BR","langcustom":"NoCustomisationSetting","langcustomhidden":"","voice":"pt-BR_IsabelaV3Voice","voicehidden":"pt-BR_IsabelaV3Voice","format":"audio/wav","password":"","apikey":"qHXUHQMf88kK-ynfL0nqJHuF5a2C6HKmt3JGvUZFVNwi","payload-response":true,"service-endpoint":"https://api.us-south.text-to-speech.watson.cloud.ibm.com/instances/bacc33db-6763-4f81-981a-8e11f9cbe577","x":1450,"y":680,"wires":[["75e697d98bfe1524"]]},{"id":"c57abefeca345ba2","type":"function","z":"f7274bb6898b1727","name":"Prepara_TTS","func":"msg.payload = msg.payload.error;\nreturn msg;","outputs":1,"noerr":0,"initialize":"","finalize":"","libs":[],"x":1200,"y":660,"wires":[["3230bdb6afdfb242"]]},{"id":"987e4c8f9a1114ad","type":"watson-translator","z":"f7274bb6898b1727","name":"Translate","action":"translate","basemodel":"ar-en","domain":"general","srclang":"pt","destlang":"en","password":"","apikey":"eH-e73_adlvUnK7wzgLUnvkOewUXue9AXpm1dPhEGOoP","custom":"","domainhidden":"general","srclanghidden":"pt","destlanghidden":"en","basemodelhidden":"ar-en","customhidden":"","filetype":"forcedglossary","trainid":"","lgparams2":true,"service-endpoint":"https://api.us-south.language-translator.watson.cloud.ibm.com/instances/7ee8a315-357e-46c6-b1c0-0a986e335710","x":1720,"y":160,"wires":[["c77e056310fa2e6f"]]}]