[{"id":"99afcd27.4828e","type":"tab","label":"Flow 2","disabled":false,"info":""},{"id":"4c03f46f.bfe61c","type":"telegram receiver","z":"99afcd27.4828e","name":"","bot":"58dbd291.ca5b9c","saveDataDir":"","filterCommands":false,"x":130,"y":1060,"wires":[["ce52dcd8.1cf8f"],[]]},{"id":"7f2de406.8a89ec","type":"telegram sender","z":"99afcd27.4828e","name":"","bot":"58dbd291.ca5b9c","haserroroutput":false,"outputs":1,"x":1910,"y":1240,"wires":[[]]},{"id":"ce52dcd8.1cf8f","type":"switch","z":"99afcd27.4828e","name":"Audio/outros","property":"payload.type","propertyType":"msg","rules":[{"t":"eq","v":"voice","vt":"str"},{"t":"neq","v":"voice","vt":"str"}],"checkall":"true","repair":false,"outputs":2,"x":350,"y":1140,"wires":[["2c47c544.7b2b8a"],["209d4463.1a4e7c"]]},{"id":"209d4463.1a4e7c","type":"function","z":"99afcd27.4828e","name":"prepara erro msg","func":"msg.params = {\n    \"session_id\" : msg.payload.chatId\n}\nmsg.chatId = msg.payload.chatId;\n\nmsg.payload = {\n    error : \"Desculpe, não estou preparado para esta fomra de interação.\",\n\n}\nreturn msg;","outputs":1,"noerr":0,"initialize":"","finalize":"","libs":[],"x":530,"y":1260,"wires":[["9cbbca5c.613998"]]},{"id":"9cbbca5c.613998","type":"function","z":"99afcd27.4828e","name":"prepara tts","func":"msg.payload = msg.payload.error;\nreturn msg;","outputs":1,"noerr":0,"initialize":"","finalize":"","libs":[],"x":750,"y":1380,"wires":[["2fab4543.9bdf0a"]]},{"id":"2fab4543.9bdf0a","type":"watson-text-to-speech","z":"99afcd27.4828e","name":"","lang":"pt-BR","langhidden":"pt-BR","langcustom":"NoCustomisationSetting","langcustomhidden":"","voice":"pt-BR_IsabelaV3Voice","voicehidden":"","format":"audio/wav","password":"","apikey":"7yURsAHNMobC1gPFsnJSHCyk0TrOdUHkmMo9YRrGIhVh","payload-response":true,"service-endpoint":"https://api.us-south.text-to-speech.watson.cloud.ibm.com/instances/a9079e46-0552-4359-a642-1d9922581c3c","x":960,"y":1340,"wires":[["bfd74bd7.a72918"]]},{"id":"bfd74bd7.a72918","type":"function","z":"99afcd27.4828e","name":"prepara telegram","func":"msg.payload = {\n    \"chatId\" : msg.chatId,\n    \"type\" : \"voice\",\n    content : msg.payload\n}\nreturn msg;","outputs":1,"noerr":0,"initialize":"","finalize":"","libs":[],"x":1210,"y":1340,"wires":[["7f2de406.8a89ec"]]},{"id":"2c47c544.7b2b8a","type":"function","z":"99afcd27.4828e","name":"prepara audio","func":"msg.chatId = msg.payload.chatId;\n\nmsg.payload = msg.payload.weblink;\nmsg.payloadtype = \"voice\";\n\nreturn msg;","outputs":1,"noerr":0,"initialize":"","finalize":"","libs":[],"x":560,"y":1060,"wires":[["f60d8d94.1bff8"]]},{"id":"f60d8d94.1bff8","type":"watson-speech-to-text","z":"99afcd27.4828e","name":"","alternatives":1,"speakerlabels":true,"smartformatting":false,"lang":"pt-BR","langhidden":"pt-BR","langcustom":"NoCustomisationSetting","langcustomhidden":"","custom-weight":"0.5","band":"BroadbandModel","bandhidden":"","keywords":"","keywords-threshold":"0.5","word-confidence":false,"password":"","apikey":"8yR4Y3UUIJfL5Ejc07EoCCEY7SJB8YZd7Qz1sT9GLmsE","payload-response":true,"streaming-mode":false,"streaming-mute":true,"auto-connect":false,"discard-listening":false,"disable-precheck":false,"service-endpoint":"https://api.us-south.speech-to-text.watson.cloud.ibm.com/instances/771ca99d-c2fd-46e2-98cc-d5e09cc458a9","x":760,"y":960,"wires":[["cdf07551.80ba28"]]},{"id":"cdf07551.80ba28","type":"function","z":"99afcd27.4828e","name":"Prepara watson","func":"msg.params = {\n    \"session_id\" : msg.chatId\n}\n\nreturn msg;","outputs":1,"noerr":0,"initialize":"","finalize":"","libs":[],"x":960,"y":1020,"wires":[["524b9fcb.3ec44"]]},{"id":"524b9fcb.3ec44","type":"watson-assistant-v2","z":"99afcd27.4828e","name":"RH","service-endpoint":"https://api.us-south.assistant.watson.cloud.ibm.com/instances/c310c613-13b5-4fae-b252-00f336792e5e","assistant_id":"adeafff5-8dde-412c-81a6-fc7ed500e773","debug":false,"restart":false,"return_context":true,"alternate_intents":false,"multisession":true,"timeout":"","optout-learning":false,"persist-session-id":false,"x":1190,"y":1080,"wires":[["25b48795.c6df08","8d11182b.9d6a48"]]},{"id":"a9f7c046.b0af2","type":"watson-translator","z":"99afcd27.4828e","name":"tradutor","action":"translate","basemodel":"ar-en","domain":"general","srclang":"pt","destlang":"en","apikey":"gLdLmLeyQvIuioyIqAUGif4oSSZJdLULk4HvikDTVVIn","custom":"","domainhidden":"general","srclanghidden":"pt","destlanghidden":"en","basemodelhidden":"ar-en","customhidden":"","filetype":"forcedglossary","trainid":"","lgparams2":true,"service-endpoint":"https://api.us-south.language-translator.watson.cloud.ibm.com/instances/21dcc4a6-eb1b-478d-9a66-b1f4c11d20f3","x":1480,"y":1100,"wires":[["595999c0.cdc7c8"]]},{"id":"25b48795.c6df08","type":"function","z":"99afcd27.4828e","name":"prepara texto","func":"msg.payload = msg.payload.output.generic[0].text;\n\nreturn msg;","outputs":1,"noerr":0,"initialize":"","finalize":"","libs":[],"x":1310,"y":1180,"wires":[["a9f7c046.b0af2"]]},{"id":"d581fb07.0f56a8","type":"watson-text-to-speech","z":"99afcd27.4828e","name":"","lang":"pt-BR","langhidden":"pt-BR","langcustom":"NoCustomisationSetting","langcustomhidden":"","voice":"pt-BR_IsabelaV3Voice","voicehidden":"","format":"audio/wav","password":"","apikey":"7yURsAHNMobC1gPFsnJSHCyk0TrOdUHkmMo9YRrGIhVh","payload-response":true,"service-endpoint":"https://api.us-south.text-to-speech.watson.cloud.ibm.com/instances/a9079e46-0552-4359-a642-1d9922581c3c","x":1500,"y":900,"wires":[["75237f6c.b805d"]]},{"id":"8d11182b.9d6a48","type":"function","z":"99afcd27.4828e","name":"","func":"msg.payload = msg.payload.output.generic[0].text;\nreturn msg;","outputs":1,"noerr":0,"initialize":"","finalize":"","libs":[],"x":1360,"y":1000,"wires":[["d581fb07.0f56a8"]]},{"id":"75237f6c.b805d","type":"function","z":"99afcd27.4828e","name":"","func":"msg.payload = {\n    \"chatId\" : msg.chatId,\n    \"type\" : \"voice\",\n    content : msg.payload\n}\nreturn msg;","outputs":1,"noerr":0,"initialize":"","finalize":"","libs":[],"x":1710,"y":1020,"wires":[["7f2de406.8a89ec"]]},{"id":"595999c0.cdc7c8","type":"function","z":"99afcd27.4828e","name":"","func":"msg.payload = {\n    \"chatId\" : msg.chatId,\n    \"type\" : \"message\",\n    content : msg.payload\n}\nreturn msg;","outputs":1,"noerr":0,"initialize":"","finalize":"","libs":[],"x":1680,"y":1200,"wires":[["7f2de406.8a89ec"]]},{"id":"58dbd291.ca5b9c","type":"telegram bot","botname":"FilipeJavaBot","usernames":"","chatids":"","baseapiurl":"","updatemode":"polling","pollinterval":"300","usesocks":false,"sockshost":"","socksport":"6667","socksusername":"anonymous","sockspassword":"","bothost":"","botpath":"","localbotport":"8443","publicbotport":"8443","privatekey":"","certificate":"","useselfsignedcertificate":false,"sslterminated":false,"verboselogging":false}]