[{"id":"7852885.eee3778","type":"tab","label":"Flow 1","disabled":false,"info":""},{"id":"3926f840.4a4898","type":"telegram receiver","z":"7852885.eee3778","name":"","bot":"bc532ff6.677f","saveDataDir":"","filterCommands":false,"x":170,"y":400,"wires":[["e9c781a2.10b45","db25ade6.31298"],[]]},{"id":"68e0520d.f7ef2c","type":"watson-speech-to-text","z":"7852885.eee3778","name":"","alternatives":1,"speakerlabels":false,"smartformatting":false,"lang":"pt-BR","langhidden":"pt-BR","langcustom":"NoCustomisationSetting","langcustomhidden":"","custom-weight":"0.5","band":"BroadbandModel","bandhidden":"","keywords":"","keywords-threshold":"0.5","word-confidence":false,"password":"","apikey":"lkxIUJ2_GMlQ86Xu6fPhzrA2WdXKUIrzwo0TmGX_JIuP","payload-response":true,"streaming-mode":false,"streaming-mute":true,"auto-connect":false,"discard-listening":false,"disable-precheck":false,"service-endpoint":"https://api.us-south.speech-to-text.watson.cloud.ibm.com/instances/e075bc59-a794-4b9e-a059-4748a046a362","x":460,"y":400,"wires":[["14846257.11261e","f693b32a.9e5fa"]]},{"id":"14846257.11261e","type":"watson-translator","z":"7852885.eee3778","name":"","action":"translate","basemodel":"ar-en","domain":"general","srclang":"pt","destlang":"en","apikey":"HcWxqgJL8nmwp8jyfx5WQw8GayCLoDAk0TpI4OWJTC9N","custom":"","domainhidden":"general","srclanghidden":"pt","destlanghidden":"en","basemodelhidden":"ar-en","customhidden":"","filetype":"forcedglossary","trainid":"","lgparams2":true,"service-endpoint":"https://api.us-south.language-translator.watson.cloud.ibm.com/instances/0b642357-a202-491f-84b7-1b0fa9a3a60f","x":630,"y":340,"wires":[["bb150373.26c1b","53b37fe6.6eb98"]]},{"id":"8e2fe783.bc9ef8","type":"telegram sender","z":"7852885.eee3778","name":"","bot":"bc532ff6.677f","haserroroutput":false,"outputs":1,"x":930,"y":340,"wires":[[]]},{"id":"e9c781a2.10b45","type":"function","z":"7852885.eee3778","name":"Prepara_STT","func":"msg.chatId = msg.payload.chatId;\nmsg.payload = msg.payload.weblink;\nreturn msg;","outputs":1,"noerr":0,"initialize":"","finalize":"","libs":[],"x":320,"y":340,"wires":[["68e0520d.f7ef2c"]]},{"id":"bb150373.26c1b","type":"function","z":"7852885.eee3778","name":"Prepara_Retorno","func":"msg.payload = {\n    \"chatId\" : msg.chatId,\n    \"type\" : \"message\",\n    \"content\" : msg.payload\n}\nreturn msg;","outputs":1,"noerr":0,"initialize":"","finalize":"","libs":[],"x":810,"y":400,"wires":[["8e2fe783.bc9ef8","b3d9a469.6982c8"]]},{"id":"db25ade6.31298","type":"debug","z":"7852885.eee3778","name":"","active":true,"tosidebar":true,"console":false,"tostatus":false,"complete":"false","statusVal":"","statusType":"auto","x":310,"y":460,"wires":[]},{"id":"f693b32a.9e5fa","type":"debug","z":"7852885.eee3778","name":"","active":true,"tosidebar":true,"console":false,"tostatus":false,"complete":"false","statusVal":"","statusType":"auto","x":610,"y":460,"wires":[]},{"id":"53b37fe6.6eb98","type":"debug","z":"7852885.eee3778","name":"","active":true,"tosidebar":true,"console":false,"tostatus":false,"complete":"false","statusVal":"","statusType":"auto","x":790,"y":280,"wires":[]},{"id":"b3d9a469.6982c8","type":"debug","z":"7852885.eee3778","name":"","active":true,"tosidebar":true,"console":false,"tostatus":false,"complete":"false","statusVal":"","statusType":"auto","x":910,"y":460,"wires":[]},{"id":"bc532ff6.677f","type":"telegram bot","botname":"@Bozer_1tdss_2022_bot","usernames":"","chatids":"","baseapiurl":"","updatemode":"polling","pollinterval":"300","usesocks":false,"sockshost":"","socksport":"6667","socksusername":"anonymous","sockspassword":"","bothost":"","botpath":"","localbotport":"8443","publicbotport":"8443","privatekey":"","certificate":"","useselfsignedcertificate":false,"sslterminated":false,"verboselogging":false}]