[{"id":"80d53c7ad53e3c63","type":"tab","label":"Flow 1","disabled":false,"info":""},{"id":"e9ec778172aaa4d5","type":"telegram bot","botname":"@Vendas_prof_Miguel123_bot","usernames":"","chatids":"","baseapiurl":"","updatemode":"polling","pollinterval":"300","usesocks":false,"sockshost":"","socksport":"6667","socksusername":"anonymous","sockspassword":"","bothost":"","botpath":"","localbotport":"8443","publicbotport":"8443","privatekey":"","certificate":"","useselfsignedcertificate":false,"sslterminated":false,"verboselogging":false},{"id":"12d69f86286ab970","type":"telegram bot","botname":"@Vendas_prof_Miguel_bot","usernames":"","chatids":"","baseapiurl":"","updatemode":"polling","pollinterval":"300","usesocks":false,"sockshost":"","socksport":"6667","socksusername":"anonymous","sockspassword":"","bothost":"","botpath":"","localbotport":"8443","publicbotport":"8443","privatekey":"","certificate":"","useselfsignedcertificate":false,"sslterminated":false,"verboselogging":false},{"id":"27587226.6fe23e","type":"telegram bot","botname":"vendas_TDSA_manha_bot","usernames":"","chatids":"","baseapiurl":"","updatemode":"polling","pollinterval":"300","usesocks":false,"sockshost":"","socksport":"6667","socksusername":"anonymous","sockspassword":"","bothost":"","botpath":"","localbotport":"8443","publicbotport":"8443","privatekey":"","certificate":"","useselfsignedcertificate":false,"sslterminated":false,"verboselogging":false},{"id":"8f1f570d.8afb1","type":"telegram bot","botname":"vendas_TDSA_manha_bot","usernames":"","chatids":"","baseapiurl":"","updatemode":"polling","pollinterval":"300","usesocks":false,"sockshost":"","socksport":"6667","socksusername":"anonymous","sockspassword":"","bothost":"","botpath":"","localbotport":"8443","publicbotport":"8443","privatekey":"","certificate":"","useselfsignedcertificate":false,"sslterminated":false,"verboselogging":false},{"id":"2cc72a9272b8ee76","type":"telegram bot","botname":"vendas_TDSA_manha_bot","usernames":"","chatids":"","baseapiurl":"","updatemode":"polling","pollinterval":"300","usesocks":false,"sockshost":"","socksport":"6667","socksusername":"anonymous","sockspassword":"","bothost":"","botpath":"","localbotport":"8443","publicbotport":"8443","privatekey":"","certificate":"","useselfsignedcertificate":false,"sslterminated":false,"verboselogging":false},{"id":"76cb413c.27167","type":"cloudant","host":"https://76839436-580d-4faf-8add-0f8ccf639a43-bluemix.cloudantnosqldb.appdomain.cloud","name":"nodered-fiap-1tds-cloudant-1617496646088"},{"id":"82949900.054e4","type":"telegram bot","botname":"vendas_TDSA_manha_bot","usernames":"","chatids":"","baseapiurl":"","updatemode":"polling","pollinterval":"300","usesocks":false,"sockshost":"","socksport":"6667","socksusername":"anonymous","sockspassword":"","bothost":"","botpath":"","localbotport":"8443","publicbotport":"8443","privatekey":"","certificate":"","useselfsignedcertificate":false,"sslterminated":false,"verboselogging":false},{"id":"f145986d.0d25b","type":"telegram bot","botname":"vendas_TDSA_manha_bot","usernames":"","chatids":"","baseapiurl":"","updatemode":"polling","pollinterval":"300","usesocks":false,"sockshost":"","socksport":"6667","socksusername":"anonymous","sockspassword":"","bothost":"","botpath":"","localbotport":"8443","publicbotport":"8443","privatekey":"","certificate":"","useselfsignedcertificate":false,"sslterminated":false,"verboselogging":false},{"id":"44bb397e.75e178","type":"telegram bot","botname":"vendas_TDSA_manha_bot","usernames":"","chatids":"","baseapiurl":"","updatemode":"polling","pollinterval":"100","usesocks":false,"sockshost":"","socksport":"6667","socksusername":"anonymous","sockspassword":"","bothost":"","botpath":"","localbotport":"8443","publicbotport":"8443","privatekey":"","certificate":"","useselfsignedcertificate":false,"sslterminated":false,"verboselogging":false},{"id":"bc8ac17a.5c5be","type":"telegram bot","botname":"vendas_TDSA_manha_bot","usernames":"","chatids":"","baseapiurl":"","updatemode":"polling","pollinterval":"300","usesocks":false,"sockshost":"","socksport":"6667","socksusername":"anonymous","sockspassword":"","bothost":"","botpath":"","localbotport":"8443","publicbotport":"8443","privatekey":"","certificate":"","useselfsignedcertificate":false,"sslterminated":false,"verboselogging":false},{"id":"53e910c5.336108","type":"telegram bot","botname":"vendas_TDSA_manha_bot","usernames":"","chatids":"","baseapiurl":"","updatemode":"polling","pollinterval":"300","usesocks":false,"sockshost":"","socksport":"6667","socksusername":"anonymous","sockspassword":"","bothost":"","botpath":"","localbotport":"8443","publicbotport":"8443","privatekey":"","certificate":"","useselfsignedcertificate":false,"sslterminated":false,"verboselogging":false},{"id":"a6cfbd9.b67144","type":"telegram bot","botname":"vendas_TDSA_manha_bot","usernames":"","chatids":"","baseapiurl":"","updatemode":"polling","pollinterval":"300","usesocks":false,"sockshost":"","socksport":"6667","socksusername":"anonymous","sockspassword":"","bothost":"","botpath":"","localbotport":"8443","publicbotport":"8443","privatekey":"","certificate":"","useselfsignedcertificate":false,"sslterminated":false,"verboselogging":false},{"id":"1d252bd1.3455ac","type":"telegram bot","botname":"vendas_TDSA_manha_bot","usernames":"","chatids":"","baseapiurl":"","updatemode":"polling","pollinterval":"300","usesocks":false,"sockshost":"","socksport":"6667","socksusername":"anonymous","sockspassword":"","bothost":"","botpath":"","localbotport":"8443","publicbotport":"8443","privatekey":"","certificate":"","useselfsignedcertificate":false,"sslterminated":false,"verboselogging":false},{"id":"df09bc5f.e3b3d","type":"telegram bot","botname":"@Bozer_1tdsr_2022_bot","usernames":"","chatids":"","baseapiurl":"","updatemode":"polling","pollinterval":"300","usesocks":false,"sockshost":"","socksport":"6667","socksusername":"anonymous","sockspassword":"","bothost":"","botpath":"","localbotport":"8443","publicbotport":"8443","privatekey":"","certificate":"","useselfsignedcertificate":false,"sslterminated":false,"verboselogging":false},{"id":"710e1365ab1458aa","type":"telegram receiver","z":"80d53c7ad53e3c63","name":"","bot":"12d69f86286ab970","saveDataDir":"","filterCommands":false,"x":110,"y":140,"wires":[["e2601d3e1a7523b0","1e53da6aa4c0ef3f"],[]]},{"id":"e2601d3e1a7523b0","type":"debug","z":"80d53c7ad53e3c63","name":"","active":true,"tosidebar":true,"console":false,"tostatus":false,"complete":"true","targetType":"full","statusVal":"","statusType":"auto","x":310,"y":60,"wires":[]},{"id":"4a562d1d4f9e5508","type":"telegram sender","z":"80d53c7ad53e3c63","name":"","bot":"12d69f86286ab970","haserroroutput":false,"outputs":1,"x":970,"y":140,"wires":[[]]},{"id":"7ff469e6a2f46f44","type":"watson-assistant-v2","z":"80d53c7ad53e3c63","name":"","service-endpoint":"https://api.us-south.assistant.watson.cloud.ibm.com/instances/0a4baa1d-4a21-44cd-93e9-ae348a8e4975","assistant_id":"3db9d87d-b7cd-4fe6-b6b9-b487dbe2ae1f","debug":false,"restart":false,"return_context":true,"alternate_intents":false,"multisession":true,"timeout":"","optout-learning":false,"persist-session-id":false,"x":510,"y":140,"wires":[["9a36f698ab9dbd9d","30214aaa1f715ff8"]]},{"id":"9a36f698ab9dbd9d","type":"debug","z":"80d53c7ad53e3c63","name":"","active":true,"tosidebar":true,"console":false,"tostatus":false,"complete":"true","targetType":"full","statusVal":"","statusType":"auto","x":680,"y":60,"wires":[]},{"id":"1e53da6aa4c0ef3f","type":"change","z":"80d53c7ad53e3c63","name":"Prepara_Watson","rules":[{"t":"set","p":"params.session_id","pt":"msg","to":"payload.chatId","tot":"msg"},{"t":"set","p":"chatId","pt":"msg","to":"payload.chatId","tot":"msg"},{"t":"set","p":"payload","pt":"msg","to":"payload.content","tot":"msg"}],"action":"","property":"","from":"","to":"","reg":false,"x":330,"y":200,"wires":[["7ff469e6a2f46f44"]]},{"id":"30214aaa1f715ff8","type":"change","z":"80d53c7ad53e3c63","name":"Prepara_Telegram","rules":[{"t":"set","p":"payload.chatId","pt":"msg","to":"chatId","tot":"msg"},{"t":"set","p":"payload.content","pt":"msg","to":"payload.output.generic[0].text","tot":"msg","dc":true},{"t":"set","p":"payload.type","pt":"msg","to":"message","tot":"str"}],"action":"","property":"","from":"","to":"","reg":false,"x":730,"y":200,"wires":[["4a562d1d4f9e5508","bb9a585bf5ab764e"]]},{"id":"bb9a585bf5ab764e","type":"debug","z":"80d53c7ad53e3c63","name":"","active":true,"tosidebar":true,"console":false,"tostatus":false,"complete":"true","targetType":"full","statusVal":"","statusType":"auto","x":930,"y":60,"wires":[]}]