[{"id":"6778e967f8b8f653","type":"tab","label":"Flow 1","disabled":false,"info":""},{"id":"b22432d1cee6545f","type":"telegram receiver","z":"6778e967f8b8f653","name":"","bot":"df09bc5f.e3b3d","saveDataDir":"","filterCommands":false,"x":110,"y":200,"wires":[["fcbd7496ebeb82bf"],[]]},{"id":"139c32ed22706da8","type":"function","z":"6778e967f8b8f653","name":"","func":"msg.chatId = msg.payload.chatId;\n\nmsg.payload = msg.payload.weblink;\n\nreturn msg;","outputs":1,"noerr":0,"initialize":"","finalize":"","libs":[],"x":380,"y":200,"wires":[["0d1fe67e8cb70de2"]]},{"id":"0d1fe67e8cb70de2","type":"watson-speech-to-text","z":"6778e967f8b8f653","name":"STT","alternatives":1,"speakerlabels":false,"smartformatting":false,"lang":"pt-BR","langhidden":"pt-BR","langcustom":"NoCustomisationSetting","langcustomhidden":"","custom-weight":"0.5","band":"BroadbandModel","bandhidden":"","keywords":"","keywords-threshold":"0.5","word-confidence":false,"password":"","apikey":"lkxIUJ2_GMlQ86Xu6fPhzrA2WdXKUIrzwo0TmGX_JIuP","payload-response":true,"streaming-mode":false,"streaming-mute":true,"auto-connect":false,"discard-listening":false,"disable-precheck":false,"service-endpoint":"https://api.us-south.speech-to-text.watson.cloud.ibm.com/instances/e075bc59-a794-4b9e-a059-4748a046a362","x":510,"y":280,"wires":[["5bd40f307434c89e","eff15b7cab4045ac"]]},{"id":"5bd40f307434c89e","type":"debug","z":"6778e967f8b8f653","name":"","active":true,"tosidebar":true,"console":false,"tostatus":false,"complete":"true","targetType":"full","statusVal":"","statusType":"auto","x":650,"y":80,"wires":[]},{"id":"46d2a071163f20a4","type":"watson-assistant-v2","z":"6778e967f8b8f653","name":"","service-endpoint":"https://api.us-south.assistant.watson.cloud.ibm.com/instances/0a4baa1d-4a21-44cd-93e9-ae348a8e4975","assistant_id":"3db9d87d-b7cd-4fe6-b6b9-b487dbe2ae1f","debug":false,"restart":false,"return_context":true,"alternate_intents":false,"multisession":true,"timeout":"","optout-learning":false,"persist-session-id":false,"x":830,"y":280,"wires":[["84853f162ae2cfb9","e0d58d5945c27b82"]]},{"id":"eff15b7cab4045ac","type":"function","z":"6778e967f8b8f653","name":"","func":"msg.params = {\n    \"session_id\" : msg.chatId\n}\n\nreturn msg;","outputs":1,"noerr":0,"initialize":"","finalize":"","libs":[],"x":660,"y":200,"wires":[["46d2a071163f20a4","8e046efdb4218d6f"]]},{"id":"8e046efdb4218d6f","type":"debug","z":"6778e967f8b8f653","name":"","active":true,"tosidebar":true,"console":false,"tostatus":false,"complete":"true","targetType":"full","statusVal":"","statusType":"auto","x":830,"y":80,"wires":[]},{"id":"84853f162ae2cfb9","type":"debug","z":"6778e967f8b8f653","name":"","active":true,"tosidebar":true,"console":false,"tostatus":false,"complete":"false","statusVal":"","statusType":"auto","x":1030,"y":100,"wires":[]},{"id":"fcbd7496ebeb82bf","type":"switch","z":"6778e967f8b8f653","name":"","property":"payload.type","propertyType":"msg","rules":[{"t":"eq","v":"voice","vt":"str"},{"t":"eq","v":"message","vt":"str"}],"checkall":"true","repair":false,"outputs":2,"x":250,"y":280,"wires":[["139c32ed22706da8"],["ab2a1da39b4c5b8b"]]},{"id":"e0d58d5945c27b82","type":"function","z":"6778e967f8b8f653","name":"","func":"msg.payload = {\n    chatId : msg.chatId,\n    type : \"message\",\n    content : msg.payload.output.generic[0].text\n}\nreturn msg;","outputs":1,"noerr":0,"initialize":"","finalize":"","libs":[],"x":1020,"y":220,"wires":[["a10853df711618d0"]]},{"id":"a10853df711618d0","type":"telegram sender","z":"6778e967f8b8f653","name":"","bot":"df09bc5f.e3b3d","haserroroutput":false,"outputs":1,"x":1210,"y":280,"wires":[[]]},{"id":"ab2a1da39b4c5b8b","type":"function","z":"6778e967f8b8f653","name":"Prepara_texto","func":"msg.params = {\n    \"session_id\" : msg.payload.chatId\n}\nmsg.chatId = msg.payload.chatId;\nmsg.payload = msg.payload.content;\n\nreturn msg;","outputs":1,"noerr":0,"initialize":"","finalize":"","libs":[],"x":540,"y":380,"wires":[["46d2a071163f20a4"]]},{"id":"df09bc5f.e3b3d","type":"telegram bot","botname":"@Bozer_1tdsr_2022_bot","usernames":"","chatids":"","baseapiurl":"","updatemode":"polling","pollinterval":"300","usesocks":false,"sockshost":"","socksport":"6667","socksusername":"anonymous","sockspassword":"","bothost":"","botpath":"","localbotport":"8443","publicbotport":"8443","privatekey":"","certificate":"","useselfsignedcertificate":false,"sslterminated":false,"verboselogging":false}]