[{"id":"6778e967f8b8f653","type":"tab","label":"Flow 1","disabled":false,"info":""},{"id":"b150429f6c7ae1fb","type":"debug","z":"6778e967f8b8f653","name":"","active":true,"tosidebar":true,"console":false,"tostatus":false,"complete":"false","statusVal":"","statusType":"auto","x":1010,"y":140,"wires":[]},{"id":"3ed9f22771541bda","type":"watson-text-to-speech","z":"6778e967f8b8f653","name":"","lang":"pt-BR","langhidden":"pt-BR","langcustom":"NoCustomisationSetting","langcustomhidden":"","voice":"pt-BR_IsabelaV3Voice","voicehidden":"pt-BR_IsabelaV3Voice","format":"audio/wav","password":"","apikey":"MtA9x6sjWAOPeIRYxPBgBihsaqLXopUKwvUYpa_cuhH1","payload-response":true,"service-endpoint":"https://api.us-south.text-to-speech.watson.cloud.ibm.com/instances/756d9913-b317-4f0c-9f45-a69a26a4bf3c","x":840,"y":240,"wires":[["b150429f6c7ae1fb","7f320b3a52c572bf","61a6966863644406"]]},{"id":"7f320b3a52c572bf","type":"play audio","z":"6778e967f8b8f653","name":"","voice":"","x":830,"y":120,"wires":[]},{"id":"61a6966863644406","type":"function","z":"6778e967f8b8f653","name":"Prepara_Telegram","func":"msg.payload = {\n    \"chatId\" : msg.chatId,\n    \"type\" : \"voice\",\n    content : msg.payload\n}\nreturn msg;","outputs":1,"noerr":0,"initialize":"","finalize":"","libs":[],"x":1050,"y":280,"wires":[["471db7b0f2aa2339","213e23ef18aad10a"]]},{"id":"471db7b0f2aa2339","type":"telegram sender","z":"6778e967f8b8f653","name":"","bot":"df09bc5f.e3b3d","haserroroutput":false,"outputs":1,"x":1270,"y":240,"wires":[[]]},{"id":"622dc38fb4c8b8c3","type":"telegram receiver","z":"6778e967f8b8f653","name":"","bot":"df09bc5f.e3b3d","saveDataDir":"","filterCommands":false,"x":90,"y":240,"wires":[["5e1bdde64bc69d7a","f1a355834dfef2cd"],[]]},{"id":"5e1bdde64bc69d7a","type":"debug","z":"6778e967f8b8f653","name":"","active":true,"tosidebar":true,"console":false,"tostatus":false,"complete":"true","targetType":"full","statusVal":"","statusType":"auto","x":290,"y":180,"wires":[]},{"id":"213e23ef18aad10a","type":"debug","z":"6778e967f8b8f653","name":"","active":true,"tosidebar":true,"console":false,"tostatus":false,"complete":"true","targetType":"full","statusVal":"","statusType":"auto","x":1090,"y":180,"wires":[]},{"id":"f1a355834dfef2cd","type":"function","z":"6778e967f8b8f653","name":"Prepara_WA","func":"msg.chatId = msg.payload.chatId;\nmsg.params = {\n    \"session_id\" : msg.payload.chatId\n}\nmsg.payload = msg.payload.content;\nreturn msg;","outputs":1,"noerr":0,"initialize":"","finalize":"","libs":[],"x":290,"y":280,"wires":[["9536991510f66702"]]},{"id":"9536991510f66702","type":"watson-assistant-v2","z":"6778e967f8b8f653","name":"","service-endpoint":"https://api.us-south.assistant.watson.cloud.ibm.com/instances/0a4baa1d-4a21-44cd-93e9-ae348a8e4975","assistant_id":"3db9d87d-b7cd-4fe6-b6b9-b487dbe2ae1f","debug":false,"restart":false,"return_context":true,"alternate_intents":false,"multisession":true,"timeout":"","optout-learning":false,"persist-session-id":false,"x":470,"y":240,"wires":[["59bbc3e899d79fe8","5d2718d280ded16a"]]},{"id":"59bbc3e899d79fe8","type":"debug","z":"6778e967f8b8f653","name":"","active":true,"tosidebar":true,"console":false,"tostatus":false,"complete":"false","statusVal":"","statusType":"auto","x":630,"y":180,"wires":[]},{"id":"5d2718d280ded16a","type":"function","z":"6778e967f8b8f653","name":"Prepara_TTS","func":"msg.payload = msg.payload.output.generic[0].text;\nreturn msg;","outputs":1,"noerr":0,"initialize":"","finalize":"","libs":[],"x":660,"y":280,"wires":[["3ed9f22771541bda"]]},{"id":"df09bc5f.e3b3d","type":"telegram bot","botname":"@Bozer_1tdsr_2022_bot","usernames":"","chatids":"","baseapiurl":"","updatemode":"polling","pollinterval":"300","usesocks":false,"sockshost":"","socksport":"6667","socksusername":"anonymous","sockspassword":"","bothost":"","botpath":"","localbotport":"8443","publicbotport":"8443","privatekey":"","certificate":"","useselfsignedcertificate":false,"sslterminated":false,"verboselogging":false}]