[{"id":"4e41bcc9.4796a4","type":"tab","label":"Flow 1","disabled":false,"info":""},{"id":"30a75efb.50f342","type":"cloudant in","z":"4e41bcc9.4796a4","name":"","cloudant":"76cb413c.27167","database":"database_bot","service":"_ext_","search":"_id_","design":"","index":"","x":440,"y":140,"wires":[["6ce47246.58b9ec","7c8b4234.5eb4ec"]]},{"id":"2f4a84a4.29694c","type":"cloudant out","z":"4e41bcc9.4796a4","name":"","cloudant":"76cb413c.27167","database":"database_bot","service":"_ext_","payonly":true,"operation":"insert","x":500,"y":440,"wires":[]},{"id":"478438b1.8c55e8","type":"telegram receiver","z":"4e41bcc9.4796a4","name":"","bot":"12d69f86286ab970","saveDataDir":"","filterCommands":false,"x":110,"y":140,"wires":[["982a2c3.8ed29d","4331d05a.6b302"],[]]},{"id":"982a2c3.8ed29d","type":"function","z":"4e41bcc9.4796a4","name":"ProcIN","func":"//Informacoes Gerais\nmsg.params = {\n    session_id : msg.payload.chatId,\n    tipo : msg.payload.type,\n    rev: ''\n};\n\n//conteudo da mensagem\nmsg.conteudo = {\n    content : msg.payload.content  \n};\n\n//Requisição ao banco de dados\nmsg.payload = {\n    \"_id\" : String(msg.payload.chatId)\n}\n\n\nreturn msg;","outputs":1,"noerr":0,"initialize":"","finalize":"","libs":[],"x":270,"y":180,"wires":[["30a75efb.50f342"]]},{"id":"6ce47246.58b9ec","type":"switch","z":"4e41bcc9.4796a4","name":"","property":"payload","propertyType":"msg","rules":[{"t":"eq","v":"null","vt":"jsonata"},{"t":"neq","v":"null","vt":"jsonata"}],"checkall":"true","repair":false,"outputs":2,"x":610,"y":180,"wires":[["5d39e89b.506798"],["1b7e2e76.7da9f2"]]},{"id":"7c8b4234.5eb4ec","type":"debug","z":"4e41bcc9.4796a4","name":"Retorno DB","active":true,"tosidebar":true,"console":false,"tostatus":false,"complete":"payload","targetType":"msg","statusVal":"","statusType":"auto","x":590,"y":60,"wires":[]},{"id":"5d39e89b.506798","type":"function","z":"4e41bcc9.4796a4","name":"Sem Registro","func":"msg.payload = msg.conteudo.content;\nreturn msg;","outputs":1,"noerr":0,"initialize":"","finalize":"","libs":[],"x":780,"y":160,"wires":[["6c56d654.b61058","b043c9e5.873b88"]]},{"id":"1b7e2e76.7da9f2","type":"function","z":"4e41bcc9.4796a4","name":"Com Registro","func":"msg.params.rev = msg.payload._rev;\nmsg.additional_context = {}\n\nif(msg.payload.context){\n    if(\"cep\" in msg.payload.context){\n        msg.additional_context[\"cep\"] = msg.payload.context.cep;\n    }\n    \n    if(\"telefone\" in msg.payload.context){\n        msg.additional_context[\"telefone\"] = msg.payload.context.telefone;\n    }    \n    \n    if(\"email\" in msg.payload.context){\n        msg.additional_context[\"email\"] = msg.payload.context.email;\n    }    \n}\n\nmsg.payload = msg.conteudo.content;\nreturn msg;","outputs":1,"noerr":0,"initialize":"","finalize":"","libs":[],"x":780,"y":200,"wires":[["6c56d654.b61058","236da417.d7896c"]]},{"id":"6c56d654.b61058","type":"watson-assistant-v2","z":"4e41bcc9.4796a4","name":"","service-endpoint":"https://api.us-south.assistant.watson.cloud.ibm.com/instances/0a4baa1d-4a21-44cd-93e9-ae348a8e4975","assistant_id":"3db9d87d-b7cd-4fe6-b6b9-b487dbe2ae1f","debug":false,"restart":false,"return_context":true,"alternate_intents":false,"multisession":true,"timeout":"","optout-learning":false,"persist-session-id":false,"x":990,"y":180,"wires":[["da8b555b.6ca288","8dc9fda8.d4e9"]]},{"id":"da8b555b.6ca288","type":"function","z":"4e41bcc9.4796a4","name":"ProcIN DB","func":"let imax = msg.payload.output.generic.length;\nlet resposta ='';\n\nfor(let i=0; i<imax; i++){\n    resposta = resposta + '\\n' + msg.payload.output.generic[i].text;\n}\nmsg.payload2 = resposta;\n\nlet u_cont = msg.payload.context.skills['main skill'].user_defined;\n\n//Primeira entrada no DB\nif(msg.params.rev == ''){\n    msg.payload = {\n        \"_id\" : String(msg.params.session_id),\n        \"context\" : u_cont\n    }\n} else{\n    msg.payload = {       \n        \"_id\" : String(msg.params.session_id),\n        \"context\" : u_cont,\n        \"_rev\":String(msg.params.rev)\n    }\n}\nreturn msg;","outputs":1,"noerr":0,"initialize":"","finalize":"","libs":[],"x":270,"y":340,"wires":[["9853025d.85611","2f4a84a4.29694c","752f8fcc.8e27b"]]},{"id":"9853025d.85611","type":"function","z":"4e41bcc9.4796a4","name":"ProcOUT","func":"msg.payload = {\n    chatId : msg.params.session_id,\n    type : msg.params.tipo,\n    content : msg.payload2\n}\nreturn msg;","outputs":1,"noerr":0,"initialize":"","finalize":"","libs":[],"x":480,"y":340,"wires":[["1ac95899.fbe797","2ed237c1.262898"]]},{"id":"b043c9e5.873b88","type":"debug","z":"4e41bcc9.4796a4","name":"Sem Registro","active":true,"tosidebar":true,"console":false,"tostatus":false,"complete":"payload","targetType":"msg","statusVal":"","statusType":"auto","x":960,"y":60,"wires":[]},{"id":"236da417.d7896c","type":"debug","z":"4e41bcc9.4796a4","name":"Com Registro","active":true,"tosidebar":true,"console":false,"tostatus":false,"complete":"true","targetType":"full","statusVal":"","statusType":"auto","x":1000,"y":280,"wires":[]},{"id":"752f8fcc.8e27b","type":"debug","z":"4e41bcc9.4796a4","name":"Mensagem","active":true,"tosidebar":true,"console":false,"tostatus":false,"complete":"payload","targetType":"msg","statusVal":"","statusType":"auto","x":270,"y":440,"wires":[]},{"id":"1ac95899.fbe797","type":"telegram sender","z":"4e41bcc9.4796a4","name":"","bot":"12d69f86286ab970","haserroroutput":false,"outputs":1,"x":710,"y":360,"wires":[[]]},{"id":"4331d05a.6b302","type":"debug","z":"4e41bcc9.4796a4","name":"","active":true,"tosidebar":true,"console":false,"tostatus":false,"complete":"false","statusVal":"","statusType":"auto","x":270,"y":60,"wires":[]},{"id":"8dc9fda8.d4e9","type":"debug","z":"4e41bcc9.4796a4","name":"","active":true,"tosidebar":true,"console":false,"tostatus":false,"complete":"false","statusVal":"","statusType":"auto","x":1070,"y":100,"wires":[]},{"id":"2ed237c1.262898","type":"debug","z":"4e41bcc9.4796a4","name":"","active":true,"tosidebar":true,"console":false,"tostatus":false,"complete":"false","statusVal":"","statusType":"auto","x":710,"y":420,"wires":[]},{"id":"76cb413c.27167","type":"cloudant","host":"https://0879b1ab-b042-44aa-89dd-a3a9fab60c09-bluemix.cloudantnosqldb.appdomain.cloud/","name":""},{"id":"12d69f86286ab970","type":"telegram bot","botname":"@Vendas_prof_Miguel_bot","usernames":"","chatids":"","baseapiurl":"","updatemode":"polling","pollinterval":"300","usesocks":false,"sockshost":"","socksport":"6667","socksusername":"anonymous","sockspassword":"","bothost":"","botpath":"","localbotport":"8443","publicbotport":"8443","privatekey":"","certificate":"","useselfsignedcertificate":false,"sslterminated":false,"verboselogging":false}]