[{"id":"6778e967f8b8f653","type":"tab","label":"Flow 1","disabled":false,"info":""},{"id":"b150429f6c7ae1fb","type":"debug","z":"6778e967f8b8f653","name":"","active":true,"tosidebar":true,"console":false,"tostatus":false,"complete":"false","statusVal":"","statusType":"auto","x":710,"y":320,"wires":[]},{"id":"3ed9f22771541bda","type":"watson-text-to-speech","z":"6778e967f8b8f653","name":"","lang":"pt-BR","langhidden":"pt-BR","langcustom":"NoCustomisationSetting","langcustomhidden":"","voice":"pt-BR_IsabelaV3Voice","voicehidden":"pt-BR_IsabelaV3Voice","format":"audio/wav","password":"","apikey":"MtA9x6sjWAOPeIRYxPBgBihsaqLXopUKwvUYpa_cuhH1","payload-response":true,"service-endpoint":"https://api.us-south.text-to-speech.watson.cloud.ibm.com/instances/756d9913-b317-4f0c-9f45-a69a26a4bf3c","x":520,"y":320,"wires":[["b150429f6c7ae1fb","7f320b3a52c572bf","61a6966863644406"]]},{"id":"7f320b3a52c572bf","type":"play audio","z":"6778e967f8b8f653","name":"","voice":"","x":710,"y":360,"wires":[]},{"id":"61a6966863644406","type":"function","z":"6778e967f8b8f653","name":"Prepara_Telegram","func":"msg.payload = {\n    \"chatId\" : msg.chatId,\n    \"type\" : \"voice\",\n    content : msg.payload\n}\nreturn msg;","outputs":1,"noerr":0,"initialize":"","finalize":"","libs":[],"x":730,"y":280,"wires":[["471db7b0f2aa2339","213e23ef18aad10a"]]},{"id":"471db7b0f2aa2339","type":"telegram sender","z":"6778e967f8b8f653","name":"","bot":"df09bc5f.e3b3d","haserroroutput":false,"outputs":1,"x":990,"y":220,"wires":[[]]},{"id":"622dc38fb4c8b8c3","type":"telegram receiver","z":"6778e967f8b8f653","name":"","bot":"df09bc5f.e3b3d","saveDataDir":"","filterCommands":false,"x":110,"y":160,"wires":[["5e1bdde64bc69d7a","0460fee35610063a"],[]]},{"id":"5e1bdde64bc69d7a","type":"debug","z":"6778e967f8b8f653","name":"","active":true,"tosidebar":true,"console":false,"tostatus":false,"complete":"true","targetType":"full","statusVal":"","statusType":"auto","x":270,"y":100,"wires":[]},{"id":"213e23ef18aad10a","type":"debug","z":"6778e967f8b8f653","name":"","active":true,"tosidebar":true,"console":false,"tostatus":false,"complete":"true","targetType":"full","statusVal":"","statusType":"auto","x":950,"y":320,"wires":[]},{"id":"f1a355834dfef2cd","type":"function","z":"6778e967f8b8f653","name":"Prepara_TTS","func":"msg.chatId = msg.payload.chatId;\nmsg.payload = msg.payload.content;\nreturn msg;","outputs":1,"noerr":0,"initialize":"","finalize":"","libs":[],"x":340,"y":280,"wires":[["3ed9f22771541bda"]]},{"id":"0460fee35610063a","type":"switch","z":"6778e967f8b8f653","name":"","property":"payload.type","propertyType":"msg","rules":[{"t":"eq","v":"voice","vt":"str"},{"t":"eq","v":"message","vt":"str"}],"checkall":"true","repair":false,"outputs":2,"x":250,"y":220,"wires":[["4aa23674117a3919"],["f1a355834dfef2cd"]]},{"id":"4aa23674117a3919","type":"function","z":"6778e967f8b8f653","name":"Prepara STT","func":"msg.chatId = msg.payload.chatId;\nmsg.payload = msg.payload.weblink;\n\nreturn msg;","outputs":1,"noerr":0,"initialize":"","finalize":"","libs":[],"x":390,"y":160,"wires":[["e90dc21caac1ac56"]]},{"id":"e90dc21caac1ac56","type":"watson-speech-to-text","z":"6778e967f8b8f653","name":"","alternatives":1,"speakerlabels":false,"smartformatting":false,"lang":"pt-BR","langhidden":"pt-BR","langcustom":"NoCustomisationSetting","langcustomhidden":"","custom-weight":"0.5","band":"BroadbandModel","bandhidden":"","keywords":"","keywords-threshold":"0.5","word-confidence":false,"password":"","apikey":"lkxIUJ2_GMlQ86Xu6fPhzrA2WdXKUIrzwo0TmGX_JIuP","payload-response":true,"streaming-mode":false,"streaming-mute":true,"auto-connect":false,"discard-listening":false,"disable-precheck":false,"service-endpoint":"https://api.us-south.speech-to-text.watson.cloud.ibm.com/instances/e075bc59-a794-4b9e-a059-4748a046a362","x":560,"y":220,"wires":[["38dfab01895043aa"]]},{"id":"38dfab01895043aa","type":"function","z":"6778e967f8b8f653","name":"Prepara_Telegram_2","func":"msg.payload = {\n    \"chatId\" : msg.chatId,\n    \"type\" : \"message\",\n    content : msg.payload\n}\nreturn msg;","outputs":1,"noerr":0,"initialize":"","finalize":"","libs":[],"x":780,"y":160,"wires":[["471db7b0f2aa2339"]]},{"id":"df09bc5f.e3b3d","type":"telegram bot","botname":"@Bozer_1tdsr_2022_bot","usernames":"","chatids":"","baseapiurl":"","updatemode":"polling","pollinterval":"300","usesocks":false,"sockshost":"","socksport":"6667","socksusername":"anonymous","sockspassword":"","bothost":"","botpath":"","localbotport":"8443","publicbotport":"8443","privatekey":"","certificate":"","useselfsignedcertificate":false,"sslterminated":false,"verboselogging":false}]