[{"id":"2409da0a.62aa86","type":"tab","label":"Flow 1","disabled":false,"info":""},{"id":"2c886c4c.c4b3e4","type":"telegram receiver","z":"2409da0a.62aa86","name":"","bot":"df09bc5f.e3b3d","saveDataDir":"","filterCommands":false,"x":110,"y":160,"wires":[["1cce0d1c.f75993","bd6c9363.78828"],[]]},{"id":"1cce0d1c.f75993","type":"debug","z":"2409da0a.62aa86","name":"","active":true,"tosidebar":true,"console":false,"tostatus":false,"complete":"false","statusVal":"","statusType":"auto","x":330,"y":60,"wires":[]},{"id":"f26904d4.948ca8","type":"telegram sender","z":"2409da0a.62aa86","name":"","bot":"df09bc5f.e3b3d","haserroroutput":false,"outputs":1,"x":830,"y":160,"wires":[[]]},{"id":"605c359a.98f9fc","type":"watson-assistant-v2","z":"2409da0a.62aa86","name":"","service-endpoint":"https://api.us-south.assistant.watson.cloud.ibm.com/instances/0a4baa1d-4a21-44cd-93e9-ae348a8e4975","assistant_id":"9f8169da-b62d-43e2-8684-308b2508cfe1","debug":false,"restart":false,"return_context":true,"alternate_intents":false,"multisession":true,"timeout":"","optout-learning":false,"persist-session-id":false,"x":510,"y":140,"wires":[["bade0373.045f6","dac21a6c.ffa848"]]},{"id":"bd6c9363.78828","type":"function","z":"2409da0a.62aa86","name":"Prepara Watson","func":"msg.params = {\n    \"session_id\" : msg.payload.chatId\n}\nmsg.chatId = msg.payload.chatId;\nmsg.payload = msg.payload.content;\nreturn msg;","outputs":1,"noerr":0,"initialize":"","finalize":"","libs":[],"x":320,"y":220,"wires":[["605c359a.98f9fc"]]},{"id":"bade0373.045f6","type":"function","z":"2409da0a.62aa86","name":"","func":"msg.payload.chatId = msg.chatId;\nmsg.payload.content = msg.payload.output.generic[0].text;\nmsg.payload.type = \"message\";\n\nreturn msg;","outputs":1,"noerr":0,"initialize":"","finalize":"","libs":[],"x":660,"y":220,"wires":[["f26904d4.948ca8"]]},{"id":"dac21a6c.ffa848","type":"debug","z":"2409da0a.62aa86","name":"","active":true,"tosidebar":true,"console":false,"tostatus":false,"complete":"true","targetType":"full","statusVal":"","statusType":"auto","x":680,"y":60,"wires":[]},{"id":"df09bc5f.e3b3d","type":"telegram bot","botname":"@Bozer_1tdsr_2022_bot","usernames":"","chatids":"","baseapiurl":"","updatemode":"polling","pollinterval":"300","usesocks":false,"sockshost":"","socksport":"6667","socksusername":"anonymous","sockspassword":"","bothost":"","botpath":"","localbotport":"8443","publicbotport":"8443","privatekey":"","certificate":"","useselfsignedcertificate":false,"sslterminated":false,"verboselogging":false}]